{
    "rmse": 0.7162672131644117,
    "mae": 0.5679889786306328,
    "r2": 0.2385254473168582
}